topic,concatenated_summary,new_summary
0.0,"I work in a call center. I got a call from a very angry customer. He was screaming at me for about 5 minutes straight. I calmly tried to help him. He then started to swear at me. I politely asked him to stop. He did not. I then told him that I would have to hang up on him. He then said he would call back when he was ready to talk to me like a civilized person. I hope he does. ~ I work in emergency roadside assistance. I drop my customer service voice often. If someone's in an emergency: they need a real person. If someone is rude, or unwilling to listen, or questioning my ability to help them : I drop my tone and my voice and I get more respected for it. Being sugary sweet isn't always the most needed thing in customer service. ~ A man called a call center to complain about his internet speed. He was screaming and swearing at the employee. The employee was polite and professional and tried to help the man. The man didn't like the solutions and started screaming and swearing again. The employee politely told the man that he would have to call back when he was more polite. The man called back and was very polite. ~ I'm sorry to hear that you had to deal with a difficult customer. I'm sure that you did your best to help him, but sometimes people are just unreasonable. I'm glad that your company has taken measures to prevent this from happening again. I'm sure that you will be able to find a new job soon. ~ I'm so sorry you had to listen to that. I would have lost it. I'm not sure if I could have stayed calm like you did. I'm impressed. I've had a few calls like that. One time I had a guy call me a c*** and I just said ""Sir, I'm not going to argue with you. I'm going to transfer you to a supervisor."" I was so proud of myself. ~ I never understand ranting at call centre people. 1. Everyone knows by now you guys have not much power 2. Half the time you possibly hate the company as much as I do in that moment. 3. If Im nice, theres a non zero chance you can actually go outside your real role and get it fixed. So I need you to like me because if my problem is complex Ill probably screw your metrics.",I work in a call center. I got a call from a very angry customer. He was screaming at me for about 5 minutes straight. I calmly tried to help him. He then started to swear at me. I politely asked him to stop. He did not. I then told him that I would have to hang up on him. He then said he would call back when he was ready to talk to me like a civilized person. I hope he does.
1.0,"I used to work for the mental health branch of an insurance company, and people who would call in to check on claims without wanting to give even names and DOBs... it sucked. They'd always say stuff like ""I'm at my office!"" or ""I'm on the subway!"" and I mean... that sucks for you, but why are you calling your insurance company to ask for personal information if you're somewhere you won't even give your name and DOB? And maybe have your insurance card on you when you call in so you can give me that ID number instead of your social, because I'm going to need ONE of those pieces of information. I feel for you. ~ I will always immediately comply with a customer's request to cancel their (free!) membership with us because we didn't give in to their demands. Like come on this is your livelihood here and you wait until the day you move to call? The agent also sent her a email on how to do it online. I don't know any company's that do same day installations.~~I truly hope you never have to deal with a similar call, but if you do, I wonder if it would help when they say, I paid for it with my card! to say, Actually, when you swiped your card, you authorized us to pay for it on your behalf. So far, no money has left any bank account of yours, so you havent paid for anything yet. We are the ones who gave money to the store, and now you need to pay us back. ~ I worked for a credit card call center (I'm in the US) for a bit, and you really get put through the ringer a lot. But there are instances where you get to genuinely improve somebody's day, and those calls do wonderful things for your self worth and mental health. I'm not transferring you to a supervisor as the credit bureau is a separate company. Would be my response. And if they refused to get off the line I would inform a supervisor of the stupid request incase she called back. But then again that depends on management having your back which I assume they don't. ~ I had a mother call me one time to request we send her 20 yr old daughters medical bills in her name not daughters name because she pays all her daughters bills since shes in school. I told her per HIPAA that is not possible because the daughter is a legal adult and once a person turns 18 they are liable for all their finances. Mom LOST it. Told me I sounded stupid and ridiculous. No matter how I spun it she wouldnt budge and asked for a supervisor. Supervisor told her the same things and went round and round with her for an hour! She called back two hours later and the coworker behind me got her and was dealing with her for an hour and transferred to a supervisor. That supervisor shut her down real quick and told point blank per HIPAA it wasnt going to happen and pulled up HIPAA law and read it to her. Mom still wasnt happy. ~ I work general customer service. Today I had the same situation with an account being closed due to 4 months nonpayment. The lady asked me how it was fair if her previous payment history was good. You can have the most impeccable credit in the world, but you stop paying and responding to our communications and you reap what you sew. She was also furious that we couldn't reinstate her account now that she was caught up 5 months later. Apparently we should know better because of her previous history and credit and not treat her like the risk she was. ~ I work for a utility company and People call in where I work all the time the day before or even the day of theyre going to be disconnected. Its like in their mind they think they still have some sort of time to do this but in reality theyre just shooting themselves in the foot for waiting so long. If you want to talk to someone really high up, ask the person on the phone for their email address. Assuming they work for the same company as the COO or CEO, you should have the email format FirstNameLastName@company.com...FirstName.LastName@company.com, FIMILastName@company.com...you get the idea. Then find out the names of the executive staff and email away. Granted their emails are most likely read by admin assistants. My dad has managed to talk to a CEO and a VP of something on two different occasions...The CEO was actually pretty pissed that this was happening with deliveries and ended up getting a fairly expensive piece of furniture for free. FYI: this was after many attempts with customer service and they weren't helpful.",I had a mother call me one time to request we send her 20 yr old daughters medical bills in her name not daughters name because she pays all her daughters bills since shes in school. I told her per HIPAA that is not possible because the daughter is a legal adult and once a person turns 18 they are liable for all their finances. Mom LOST it. Told me I sounded stupid and ridiculous. No matter how I spun it she wouldnt budge and asked for a supervisor. Supervisor told her the same things and went round and round with her for an hour! She called back two hours later and the coworker behind me got her and was dealing with her for an hour and transferred to a supervisor. That supervisor shut her down real quick and told point blank per HIPAA it wasnt going to happen and pulled up HIPAA law and read it to her. Mom still wasnt happy.
2.0,"I had to go back and reread that. You're giving him a delivery in 8 days and he's bitching?!?!?! Considering there's a holiday and a weekend thrown in there, I don't think that's a horrible delivery window at all! Screw em! I bet even if u could deliver tomorrow, he'd bitch about the ring frame ""I won't be home from 11-6, so it has to be before that!!!!"" Some ppl are never happy.~~I do this all the time. I put him on hold and I hear him tell his buddies I just need to get it off the lot. I'm never going to pay for it. I could still give it to him but it would create a huge headache for us, the bank and most seriously, for 
him. ~ I'm sorry you had such a bad day and call OP. I walk people through registering for websites and stuff and I never know what to say when people go ""you must think I'm an idiot huh?"" I'm sorry you had to deal with that and that it made you so upset. It sucks when there isnt really anything you can do to help them and they are being so unreasonable about it. You did a good job with the limited options that you had and the pressure he put you on. Dont let it get to you and dont let it ruin your day. His rudeness is his shortcoming, not yours. You deserve it. ~ I work in a call center. Customers are always mad at me. I don't care. I'm not paid enough for this. ~ I'm sorry you had to deal with that level of entitlement. I used to give out WOW awards to these types of people. It took some doing to earn one and it was usually the same people over and over usually for telling us how to do our jobs despite us being the most experienced and having final say in the process. ~ I feel this on my bones! It seems like prices have risen weekly, or even  daily on some of our parts. Especially since covid hit, and now there's a microchip shortage.... I don't control the pricing. And prices change normally anyways. Add in a volatile market, a global pandemic, and a massive parts shortage.... But if you call and expect the same prices for something you haven't ordered since 2018? Ha. (BTW, not ordering since 2018 is like 5 years in electronics years or something. Its forever. ~ I was ready to order one but then thought my Grandpa who had needed a new TV for some time might in on this too so I called him and he says he needed to talk to Grandma about it first and would call back. What he did instead was call the company to ask for details about that specific model...",OP is a salesperson who sold a TV to a customer. The customer is upset because the TV is now more expensive than what he agreed to pay. He is also upset that OP won't give him a better deal. OP is frustrated because he can't give the customer a better deal and the customer is being unreasonable.
3.0,"I work for a different variety of insurance and deal with this all the time. ""But I set up the policy"" Too bad, not the policy owner, no info for you. ""But I pay for it"" Too bad. ""But I'm their parent"" Nope. ""But I'm the insured"" I. Don't. Care. ~ I once did inbound customer service calls for a phone company. I had a guy call in with enough credits to keep his bill paid for the next three months (dont know who applied them or why), on top of having his last two bills waived through courtesy credits. It was the most excessive abuse of courtesy credits I had ever seen, and the guy wanted more. His reasoning was, and I quote, I am a valued customer and you need to give me those credits to keep my business. At some point, those who work customer service need to have the power to call out problem customers and tell them to their faces that they are a liability costing the company you work for money. ~ I had a manager call recently where this guy (after 45 minutes of me telling him he was in the wrong department for his query) demanded he speak to a manager. He was saying I called myself a manager and all sorts, so when the TM took the call I just sat next to him and he went ""well I've been sat near her for this whole conversation and I haven't once heard her say she's a manager or thst she shouted at you"" lmfao Ended up offline for the rest of the day because it stressed me out so much and was 90 minutes late on my break~~If he had any common sense, he'd see that sending the email while someone's on the phone to maybe figure out why it's not reaching you guys is probably the best option. Nope, it's more important to him to waste your time and harass you. Wish we could normalize simply cancelling these types of ""customers"" and putting them on a list. ~ People are stupid. Sometimes they're so stupid it's funny. Other times it's just sad. Here are some of the best stories. ~ I feel this in my soul. Also I hate the people that think 1. If they give me a police report/case number I can just instantly pull it up and get all of the information from it (I can't, I can order it through LexisNexis which may take up to 8 weeks, or you can get off your lazy ass and go get it from the police yourself)  2. That a police report is the same as a claim somehow (and thus answer ""yes"" when asked if a claim was already started when there wasn't) or 3. That all insurance carriers somehow share a centralized claim system, and a claim number from progressive is just fine to give someone from Geico when asked what their claim number is.",I'm sorry but I'm not going to give you a claim number because you're not the insured. I'm not going to give you the claim number because you're not the policy owner. I'm not going to give you the claim number because you're not the person who set up the policy. I'm not going to give you the claim number because you're not the person who pays for the policy. I'm not going to give you the claim number because you're not the person who called the police. I'm not going to give you the claim number because you're not the person who filed the claim. I'm not going to give you the claim number because you're not the person who was in the accident. I'm not going to give you the claim number because you're not the person who was arrested. I'm not going to give you the claim number because you're not the person who was cited. I'm not going to give you the claim number because you're not the person who was charged. I'm not going to give you the claim number because you're not the person who was convicted. I'm not going to give you the claim number because you're not the person who was sentenced.
4.0,"A woman called a dental office to ask for her husband's dental records. She claimed to be a detective and that the records were needed for an investigation. The dental office asked for a subpoena before releasing the records. The woman became angry and hung up. She called back and spoke to another employee who released the records. The woman called back a third time and spoke to yet another employee. The woman was angry that the employees would not just give her the records. She threatened to call the police and have the employees arrested for not giving her the records. The employees called the police. The woman was arrested for threatening the employees. ~ I'm a CSR handling all kinds of tickets but mostly incidents. They also say "" it does not work, just fix it"". Sometimes they think they know how everything works but they don't. I can soak up alot from my clients but if they start questioning my expertise i can get snappy. I book appointments sometimes too and people are crazy. We do phone appointments and people want in person appointments or after banking hours (evenings and weekends) or they don't want their appointment with their assigned manager because they're not white or ONLY SPEAK ENGLISH. (Sometimes they out right say that and I can refuse to book but sometimes it's passive aggressive and if they don't out right say anything we can't refuse). I once got a guy who didn't want a daytime appointment but booked it anyway to ""waste your time like you're wasting mine"" and was rather annoyed when no one called him and we sent more reminders to him. ~ I'm a pharmacy tech and I have to say that I'm not surprised by any of these stories. I've had people yell at me for things that are not my fault. I had a lady call and yell at me because she couldn't get the cheese-be-gone she wanted. I told her that I would have the pharmacist call her when it was ready. She then proceeded to yell at me saying that she would never come back to this pharmacy again. I was just doing my job. I had a man call and yell at me because his prescription wasn't ready. I told him that I would have the pharmacist call him when it was ready. He then proceeded to yell at me saying that he would never come back to this pharmacy again. I was just doing my job. I had a lady call and yell at me because she couldn't get the vaginal cream she wanted. I told her that I would have the pharmacist call her when it was ready. She then proceeded to yell at me saying that she would never come back to this pharmacy again. I was just doing my job. I had a man call and yell at me because his prescription wasn't ready. ~ I work in a call center. We get a lot of angry callers. Here are some of the best. ""I already met my deductible this year."" ""I pay you so much every month/year, why should I have to pay more?"" ""It took me 45 minutes to get through!"" ""I'm just looking for a quote."" ""I don't need to give you my email address, I'll just call back later."" ""I don't need to give you my email address, I'll just call back later."" ""I don't need to give you my email address, I'll just call back later."" ""I don't need to give you my email address, I'll just call back later."" ""I don't need to give you my email address, I'll just call back later."" ""I don't need to give you my email address, I'll just call back later."" ""I don't need to give you my email address, I'll just call back later."" ""I don't need to give you my email address, I'll just call back later. ~ I work in a call center. I deal with a lot of elderly people who don't understand technology. I try to be patient with them. I had one lady call and ask me to transfer money from her bank account to her granddaughter's bank account. I explained that I can't do that. She then asked me to transfer the money to her granddaughter's bank account. I explained that I can't do that. She then asked me to transfer the money to her granddaughter's bank account. I explained that I can't do that. She then asked me to transfer the money to her granddaughter's bank account. I explained that I can't do that. She then asked me to transfer the money to her granddaughter's bank account. I explained that I can't do that. She then asked me to transfer the money to her granddaughter's bank account. I explained that I can't do that. She then asked me to transfer the money to her granddaughter's bank account. I explained that I can't do that. She then asked me to transfer the money to her granddaughter's bank account. I explained that I can't do that. ~ I work for an online pharmacy. I understand you so much! We were understaffed a couple of weeks ago and I experienced pretty much everything you just said, now we are overstaffed and they're firing people for stupid things. Before I was stressed because I was overworked, there were so many issues, so many calls and not enough solutions for people that just needed their damn meds! And now Im stressed because Im terrified Im going to lose the job. Its like I will never have a break! Good for you for putting the 2 week notice.","I work in a call center. I deal with a lot of angry callers. Here are some of the best. ""I already met my deductible this year."" ""I pay you so much every month/year, why should I have to pay more?"" ""It took me 45 minutes to get through!"" ""I'm just looking for a quote."" ""I don't need to give you my email address, I'll just call back later."" ""I don't need to give you my email address, I'll just call back later."" ""I don't need to give you my email address, I'll just call back later."" ""I don't need to give you my email address, I'll just call back later."" ""I don't need to give you my email address, I'll just call back later."" ""I don't need to give you my email address, I'll just call back later."" ""I don't need to give you my email address, I'll just call back later."" ""I don't need to give you my email address, I'll just call back later."" ""I don't need to give you my email address, I'll just call back later."
5.0,"A woman in the US has been filmed berating a call centre worker for not giving her a discount on her parking ticket. The woman, who has not been identified, was filmed by a security camera while arguing with the worker in a call centre in Texas. The footage has been released by the company, which has not been named. The woman can be heard saying: ""I'm not going to pay this ticket. I'm not going to pay this ticket. I'm not going to pay this ticket. ~ Call centers are a tough job. You have to deal with a lot of different types of people. Some are nice and some are not so nice. Some are just plain rude. Here are some of the worst calls agents have ever received. ~ I work in a call center. I get a lot of angry customers. Some are just confused, some are just frustrated, and some are just rude. I have to take it. I can't just hang up on them. I can't just tell them to go to hell. I have to be professional. I have to take it. I have to smile and nod and say ""I'm sorry for the inconvenience"" even though they are being a complete jerk. I have to take it. I have to take it. ~ I used to be an OTR trucker, it was always super inconvenient when I needed to replace a windshield. Also, this was meant to contextualize the issues buddy here was facing, not excuse him for being a jackass. Worked in commercial ""auto"" insurance. Had this quite a few times. I also had ""it's not a vehicle it's a trailer"" which makes a kind of sense. In the end, I said ""Look, do you want the blade covered?"" Yeah ""Well we don't cover things that aren't 'permanently attached equipment' so you have to let us *call* it that. ~ I had a call on Tuesday with someone trying to do a settlement, and explained why. I told him I was sympathetic to his situation and actually related a similar tale from my own life. I made him an offer, and he immediately asked to speak with my TL. Okay, whatever, he didn't like my offer and wants to plead his case to management directly. Nope! Told my TL Id said I was *not* sympathetic to his situation and Im a horrible CSR. Said TL, thankfully, sits kitty corner from me and tells him she could hear me and that's not what I said. Im like 85% sure he said that just to try and get a more favorable settlement offer, to make up for my egregious lack of decorum. The QC agent told me he was mad for me after he pulled the call. ~ I had a customer who wanted to get her car and caravan (trailer) towed back to her home. She was amazed that the driver could only legally drive for 10 hours a day and would have to be replaced by another driver 500 miles from home. She was also amazed that the driver would be taking breaks and that the company would not be paying for the fuel for the return journey. She was also amazed that the company would not be paying for the fuel for the return journey.","A woman in the US has been filmed berating a call centre worker for not giving her a discount on her parking ticket. The woman, who has not been identified, was filmed by a security camera while arguing with the worker in a call centre in Texas. The footage has been released by the company, which has not been named. The woman can be heard saying: ""I'm not going to pay this ticket. I'm not going to pay this ticket. I'm not going to pay this ticket."
6.0,"I had a similar situation when doing customer service/tech support for a middle tier cable company. It was before Christmas and a woman calls wanting know why her bill was so high with VOD purchases. I inform her of about 10 adult videos being purchased at anywhere from 11.99-13.99 a pop. She goes quiet for a second and then says ""I have a 14 year old son who is expecting Christmas gifts, he's gonna be pissed when he don't get a goddamn thing. "" That was a solid gold moment there. Ive had a call centre tell me I had to get the primary account holder to call in personally to transfer the account holder from my husband to me. I literally had a let me speak to your manager moment. ~ I work in telecommunications as well &amp; more than often I get this same call! What they dont understand is we are not CHOOSING to not proceed with the upgrade. I will never understand the logic behind people who have issues paying their bills on time &amp; than demand the newest phones for FREE on the highest tier. Chances are...even if they did do the upgrade....theyd call back to complain why their bill is SO high. Well sir... you cant have your cake &amp; eat it too. Smh!~~Get used to it. If you can, disconnect the call immediately once you've said bye. It's no fun listening to someone who thanked you, without sarcasm, start to call you every name in the book to whoever happened to be in the room with them. Scratch that, sometimes it's fun. ~ I used to work for a wireless company, the red one. Same thing! I knew a lot of people though the wireless industry. But red and three letters were always the worst at doing it and the best at covering it up. Im glad to have quit. Im sorry your going through that! I worked in the store and would legit hear co workers lying to people. We were instructed to add a line at any cost. Needs a tablet line! Just lost your partner and want to disconnect? How about a line for your grandson! I work for a call center as of recently and it's ridiculous how many people don't look at their bill. I had a guy tonight tell me he just pays his bill through our website and he called tonight to tell me to credit charges that were made on his account because a representative removed the feature from his phone line for international calling. Read your bills people. That's what they're there for. ~ I work for an ISP and I'm trying to think how we would have handled that initial customer call.... and I've got nothing. I am going to have to add ""Suggest they call cell phone provider"" to our ""Things to Suggest When the Problem Isn't Us"" FAQ.~~If she bought the phone somewhat recently it shouldnt be locked. Hasnt it been a couple years now since they legally have to sell them unlocked &amp; unlock old ones for free? Mind you I could see this happening if it was a phone shes had for quite a while.~~Its the sort of thing you'll get used to. In 7 months I went from taking 20 minutes to fix a 'my bbm isn't working' call, to taking less than 5 minutes. Also, it was incredibly unprofessional of your manager to get on the line whilst you were there and ask her with you listening in. ~ I once dealt with a fraud case that a colleague did. He lied about dividend payments too. I have no idea what he was thinking.~~I stopped talking about my phone plan with people, cause anyone who is with the same dog branded company wants it and thinks I can somehow get it for them. $80/month for unlimited calling (within Canada), unlimited text (international), VM, call display, 10gigs + 5gigs free My only advice is pay your phone bill in full, and on time. That's all I've done. ~ This is a collection of stories from people who have worked in call centers. Some of them are funny, some of them are sad, but they are all true. The stories are from people who have worked in call centers for companies like Apple, Verizon, Sprint, AT&T, and many more. Some of the stories are about customers who are just too stupid to live. Some of the stories are about customers who are just too entitled to live. But all of the stories are about customers who are just too much to handle.","I'm an ex-call center worker. I worked for a major wireless company for 3 years. I've heard it all. I've dealt with customers who were too stupid to live. I've dealt with customers who were too entitled to live. But most of all, I've dealt with customers who were just too much to handle. This is a collection of stories from people who have worked in call centers. Some of them are funny, some of them are sad, but they are all true. The stories are from people who have worked in call centers for companies like Apple, Verizon, Sprint, AT&T, and many more. Some of the stories are about customers who are just too stupid to live. Some of the stories are about customers who are just too entitled to live. But all of the stories are about customers who are just too much to handle."
7.0,"I quit my job after 20 years and made over 27 bucks an hour. Had health insurance and 31 days of PTO. I just couldn't do it anymore, luckily I was able to financially prepare for it. I make a lot less (but do have great benefits) and have no regrets. I had no idea how much anxiety that job caused, I knew it was stressful but definitely underestimated how much it affected me. I still have to calm my self down and tell myself to breathe, I think I held my breathe for that 20 years. ~ I worked at a call center. We would drink on the job all the time. Was like hanging out at a frat house. Was like hanging out at a frat house. ~ I worked for a company that outsourced to Conduent. They were the worst. They would have us do pointless things like take a survey that had nothing to do with our job, and then penalize us for not doing it. They would also have us do things that were not in our job description. I would not recommend working for a company that outsources to Conduent.","I worked at a call center. We would drink on the job all the time. Was like hanging out at a frat house. Was like hanging out at a frat house. I worked for a company that outsourced to Conduent. They were the worst. They would have us do pointless things like take a survey that had nothing to do with our job, and then penalize us for not doing it. They would also have us do things that were not in our job description. I would not recommend working for a company that outsources to Conduent."
8.0,"I don't blame you for being upset. I would be too. I think any of us would be upset for being called something ugly for trying to help. There are a few that dont want an interpreter and its written in CAPS in their chart. For this company, they look for people who have a  95% english level, so colloquial terms or something of the sort is not an issue, but the accent or the pronunciation of certain words is something that well, we have different A couple of days ago a lady told me to transfer her to someone from the United States because she wanted someone who knew about shoes ??????????~~I also worked for a military affiliated credit union and we had a few workers that were bilingual and usually worked the Spanish only line because we needed them there the most, but occasionally English callers would get that line. I had two separate occasions where my peers had to transfer calls to me because some idiot racist claimed they couldnt understand the rep or that since the rep greeted them in Spanish they didn't want to work with them! ~ I had a customer call in and ask for an English speaking representative. I told him that I was English and he said he didn't want to talk to me because I had an accent. I told him that I was born and raised in Australia and he said he wanted to talk to someone in America. I told him that I was in America and he still didn't want to talk to me. He wanted to talk to someone who was born in America. I told him that he was being racist and he got mad and hung up on me. ~ I have a thick accent. I'm from Texas. I've worked in call centers for years and have been screamed at, hung up on, and insulted because of it. I've also had to deal with people who are rude to my co-workers because of their accents. I'm sorry you're going through this. I know how it feels. ~ I'm so sorry you had to go through that. Ive had to hang up the call quickly so they didnt hear me cry a few times myself while working at a call center. During the BLM thing she had to tell a customer she had only spoken to over the phone, they wouldn't be giving him a loan. My job is actually bilingual, so I do speak French regularly and fluently BUT it is not my first language. If I make even the slightest mistake (""le rue"" instead of ""la rue"" for example) people will either mock me, switch to English and refuse to speak French again or continue speaking French and just correct me in the rudest way possible. One of my first French calls here, I was so nervous I stuttered a lot (nerves make my language skills go bye bye). My supervisor pulled me into her office, slammed the door behind me and asked if I really did speak French or if I just pretended for the interview. ~ I worked in a call center for almost 10 years, we didn't have interpreters on staff, we just occasionally had agents that happened to know a different language. So one day, I got a lady that only spoke Spanish, so I had to try to find someone to help me out. So I found one of the sales reps. Very Mexican-like name, looked Spanish. I discovered that I had stereotyped him, cause he didn't speak a word of Spanish. Pretty cool dude, laughed pretty hard about it, and almost 3 years after I left the call center, we're still friends.","I'm so sorry you had to go through that. Ive had to hang up the call quickly so they didnt hear me cry a few times myself while working at a call center. During the BLM thing she had to tell a customer she had only spoken to over the phone, they wouldn't be giving him a loan. My job is actually bilingual, so I do speak French regularly and fluently BUT it is not my first language. If I make even the slightest mistake (""le rue"" instead of ""la rue"" for example) people will either mock me, switch to English and refuse to speak French again or continue speaking French and just correct me in the rudest way possible. One of my first French calls here, I was so nervous I stuttered a lot (nerves make my language skills go bye bye). My supervisor pulled me into her office, slammed the door behind me and asked if I really did speak French or if I just pretended for the interview."
9.0,"I was in retail for a decade. I was in a call center role for 9 months, then got promoted to a department that dealt with the angriest of the angry customers (the ones asking for the CEO) for 2 1/2 years. Went for a training department role where I am now. I dont even have a work extension. Never will talk to a customer again. The past year has been the happiest of my life. ~ I've been in a call centre for 5 years. I cry before I clock in. I cry between calls. I cry after I clock out. I'm looking for a new job. I don't want to be a call centre worker anymore. ~ I worked customer service in a call centre and I loved the job. I loved being able to help people, to sort out their issues and calm people down. Many of my colleagues had worked there for years. We had a high turnover of staff but the core always remained. Hang in there. The Holidays are always the hardest being in a call center. Its always stressful for people so they lash out. No customers or stats to worry about. ~ I've been in call centres for 13 years. I'm now looking to get out. I'm currently on Â£10.50ph, with no prospect of a pay rise. I'm working 60hrs a week, and have been for the last 6 months. I'm working 10pm-8am, 4 days on, 3 days off. I'm not sleeping properly, and am constantly stressed. I'm not getting any time to myself, and am struggling to find the energy to do anything in my spare time. I'm seeing a counsellor to try and help with my depression. I'm looking for a new job, but it's hard to find something that pays as well as this one. I'm also looking at going back to university. ~ I'm about to start a new job as a supervisor in a call center. I've never been a supervisor before and I'm worried about the stress of dealing with angry customers all day. I've heard horror stories about supervisors getting screamed at and being verbally abused by customers. I'm also worried about the monotony of the job. I've heard that supervisors have to deal with a lot of paperwork and have to micromanage their employees. I'm also worried about the low pay. I've heard that supervisors barely make any more than their employees. I'm also worried about the attrition rate. I've heard that supervisors have to deal with a lot of turnover. ~ I got started in a call center in 2017, I was dialing at a  broker for a car insurance company, I sucked at the dialing job and got fired after 2 months and went to another call center selling accidental disability Cover, got fired there too   cycle continued until I end up in client services. I think the best thing you can do is try to channel that frustration into motivation. When you get off work try to really focus on those certs, or something else that interests you. Now that you are gaining customer service experience it wont take much to get into an entry level helpdesk position. The sooner you focus on that and get it out of the way the sooner you can leave this miserable job behind. Your health and sanity is more important than any job, and life is too short to waste it being unhappy.",I've been in a call centre for 5 years. I cry before I clock in. I cry between calls. I cry after I clock out. I'm looking for a new job. I don't want to be a call centre worker anymore.
10.0,"I work in a call center and we have a lot of customers who book through 3rd party sites and then get upset when we can't do anything for them because they didnt book directly with us. Like, they'll call and say ""I booked a room for 2 adults and 2 children, but there's only 2 beds, what are you going to do about it?"" And we're like ""uh, we can't help you, you didn't book directly with us, you need to call the 3rd party site you booked with."" And they're like ""but they said they could help me if I had any problems!"" And we're like ""no, you need to call them. We can't do anything for you."" And they get mad and start screaming at us. It's so annoying. ~ I worked in a call center for a booking website and dealt with some really odd calls where customers would get abusive because she couldn't help them plan vacations to places like Middle Earth, or her favorite- a woman who was adamant they could help her book a flight to Kenya and get her a ticket to take the beanstalk to Luna City 5 (We assume this person read a Robert Heinlein book and thought it was real not sci-fi). Ive been the extra before, was with my girlfriends family, they invited me to join them on a trip somewhere, I figured all was legit and fine. When we got to the hotel my girlfriends dad told me to hang back for awhile while they checked in, I will gladly explain to you in detail why this is the policy"" Shuts 'em up every time, and it's not accusatory (""YOU didn't let me finish"") so they don't feel like you're back talking. ~ I work in reservations for a hotel company and I get that so many times a day as well. Them - I'm on your website and it's says X hotel is sold out tonight so I thought I'd call to double check Them - So can I book a room with you over the phone? Me - The hotel is sold out. There are no rooms to book Them - What if I go to the front desk? Me - They'll tell you the same thing. There are no rooms available. I can book you one of our other hotels nearby instead Them - No I wanted X. It's so unfair *hangs up* They wont be able to sack you and you could get compensation for them trying. ~ You need to get a lawyer now. If only because they can file an injunction against the company to prevent them from firing you. You require a reasonable accommodation. Once the injunction has been filed you can fight them on it. ~ A's friend called to book a reservation for a hotel room. A's friend was confused about the total price of the room, so A's friend called the call center to clarify. A's friend was then put on hold for a few minutes. A's friend's father called the call center to complain about the wait time. The call center employee who took the call from A's friend's father then told A's friend that she was being rude for being put on hold. A's friend then became angry and told the call center employee that she was not being rude. The call center employee then told A's friend that she was fired.","I work in a call center and we have a lot of customers who book through 3rd party sites and then get upset when we can't do anything for them because they didnt book directly with us. Like, they'll call and say ""I booked a room for 2 adults and 2 children, but there's only 2 beds, what are you going to do about it?"" And we're like ""uh, we can't help you, you didn't book directly with us, you need to call the 3rd party site you booked with."" And they're like ""but they said they could help me if I had any problems!"" And we're like ""no, you need to call them. We can't do anything for you."" And they get mad and start screaming at us. It's so annoying."
11.0,"I enjoy calls like this. Wait sir what color are our voices again? I have received a letter and I don't understand it. There were times that they were so computer illiterate I was shocked how they were even able to call our number. We always tried our best to remote into our customers computers to fix something for ourselves. Once I asked a man to go to a website and he didn't know how. So I literally just said ""okay, open the internet"" and this man had no idea how. I was shocked. ~ I used to work for a credit card processor. We provided service for credit card machines, mostly used by small businesses. I'd frequently have similar conversations with people. They couldn't take credit cards while their machine was down, but never had any interest in buying a backup so they wouldn't have to wait for us to overnight one.","I used to work for a credit card processor. We provided service for credit card machines, mostly used by small businesses. I'd frequently have similar conversations with people. They couldn't take credit cards while their machine was down, but never had any interest in buying a backup so they wouldn't have to wait for us to overnight one."
12.0,"I have worked in the contact center industry for 30 years. This is a common tactic for a certin type of crazy person who has some perceived gripe with the company. They call over and over again and just waste agent's time. One investigation I took part in showed the company had received over 2000 calls in 2 years from the same nutcase. We would block his phone number and he would buy another burner phone and start again the next week. ~ I work in a call center. I don't mind helping people who have online problems, but if you've saved yourself 40 a year by signing up to manage your account online then that's what you're obliged to do. No, some nimwit probably just handed them the keys. ""Well, ma'am, this means that there is a field on the form which you are filling out which is empty but must be filled-in before the form can be submitted. ~ I get it. I deal with it too. Drives me batty but... It's not just old people, it's bad UX. Then the ability to reset without calling is bizarre (banks requiring 3+ factor authentication or an art software company not allowing any letter from your name even though that's not how it is explained in their requirements) which leads to more confusion. They get flustered and frustrated that something doesn't just work so when they do finally call they're struggling to listen and comprehend because they're trying to find the right box and hear the right thing... Dammit, I'm old. ~ I had a guy tell me this morning that he's an important executive and his time is valuable and he doesn't have time to wait in queue for a call from a tech and it's disrespectful that a tech isn't the one who answers the phone and we can't help him RIGHT NOW. I had a guy tell me this morning that he's an important executive and his time is valuable and he doesn't have time to wait in queue for a call from a tech and it's disrespectful that a tech isn't the one who answers the phone and we can't help him RIGHT NOW. I had a guy tell me this morning that he's an important executive and his time is valuable and he doesn't have time to wait in queue for a call from a tech and it's disrespectful that a tech isn't the one who answers the phone and we can't help him RIGHT NOW. ~ I work at a call center for an ISP. We frequently get calls for email password resets. Before we can process any changes though, we have to verify the caller's ID, obviously. the fist question I ask always seems to be the hardest one for the callers to answer: ""What city are you calling from?"" You'd think it would be a VERY easy question to answer, but over 90% of the callers will have me repeat the question, and then ask me what I mean... I even preface it by saying ""Let's bring up your account,"" so they should be aware that I'm looking for basic information. ~ I am a customer service rep. I know, I know, don't get me started, some people have like 10 accounts and they can only use 1 for that particular service we provide. The hardest part is logging them out and logging them back in with the correct login smh. Yesterday I had someone who literally couldn't read, and I had to explain what the button looks like and how many letters are in the word ""log-out"" and ""login"". People are allergic to any self service option, period. I get so much backsass from asking people with tech issues what troubleshooting they've already done. ""It's not my job to troubleshoot! It's yours!","I have worked in the contact center industry for 30 years. This is a common tactic for a certin type of crazy person who has some perceived gripe with the company. They call over and over again and just waste agent's time. One investigation I took part in showed the company had received over 2000 calls in 2 years from the same nutcase. We would block his phone number and he would buy another burner phone and start again the next week. ~ I work in a call center. I don't mind helping people who have online problems, but if you've saved yourself 40 a year by signing up to manage your account online then that's what you're obliged to do. No, some nimwit probably just handed them the keys. ""Well, ma'am, this means that there is a field on the form which you are filling out which is empty but must be filled-in before the form can be submitted."
13.0,"I'm a cable company customer service rep. I've been in this field for about 2 years now. I've had some pretty interesting calls. I've had people yell at me for things that are not my fault. I've had people threaten to sue me and my company. I've had people threaten to have me fired. I've had people curse at me. I've had people call me names. I've had people ask me to break company policies for them. I've had people ask me to lie to them. I've had people ask me to give them free services. I've had people ask me to give them discounts. I've had people ask me to give them a free month of service. I've had people ask me to give them free cable boxes. I've had people ask me to give them free remotes. I've had people ask me to give them free DVRs. I've had people ask me to give them free On Demand services. I've had people ask me to give them free high speed internet. I've had people ask me to give them free digital cable. I've had people ask me to give them free HBO. ~ I'm not about to argue over $1 customer called irate stating service was cut off. Account flagged for excessive credit. Credit denied. customer requested sup. Customer wants to cancel because she says we only charge Mexicans $5 a month. Call transferred to retention. Account has been reinstated without payment 4 months in a row. Advised must bring account to a zero balance to resume service. customer requested supervisor. ~ I've snapped at a user before because he was giving me such attitude and was like ""fix my computer"". I'd ask ""what's wrong with your computer?"" and he just said ""i don't know, just fix it"". So I also snapped and afterwards he apologised and we actually talked about it like adults about how we both could have worded it differently. I can imagine it being true that someone *wouldn't* need any of those features and still be working from home. (i.e. ~ I work for a cell phone provider and this one customer called in to complain so much we weren't supposed to talk with her anymore, nor our supervisors nor managers. She gets transferred to the advocacy office every time. The reason she didn't have a phone anymore was because she sold it, and then wanted us to just provide her another one for free. ~ I work at a call center that gets inbound calls from other call centers. I feel your pain. I have to constantly tell these folks to slow down and speak clearly. Oh and ask a yes no question? and you WILL get a response that takes 10 minutes to unwind.",I'm a cable company customer service rep. I've been in this field for about 2 years now. I've had some pretty interesting calls. I've had people yell at me for things that are not my fault. I've had people threaten to sue me and my company. I've had people threaten to have me fired. I've had people curse at me. I've had people call me names. I've had people ask me to break company policies for them. I've had people ask me to lie to them. I've had people ask me to give them free services. I've had people ask me to give them free cable boxes. I've had people ask me to give them free remotes. I've had people ask me to give them free On Demand services. I've had people ask me to give them free HBO.
14.0,"I worked in a call centre, one night a woman called to find out why her TV service wasnt working. Me: it says here that youre deceased. Her: WHAT?!? Her name was something like Carol Jackson. So the agent that opened that piece of mail GUESSED which Carol Jackson died, and disconnected the wrong account. I asked some authenticating questions, then apologized profusely and reconnected her services. Her: you know ... Me: again maam, I am REALLY SORRY. And I notified a supervisor, so that some could start calling the other Carol Jacksons to check in... ~ I had a friend who had taken over a call (we were both supervisors at that time), in which the customer was throwing a backhanded fit because we turned off his satellite service, screaming about how hed never received a first notice. My friend very calmly stated, Sir, your bill WAS your first notice. I about fell out of my chair laughing! ~ I work tech support, and what I wouldn't give to be able to cancel accounts when I have to deal with that kind of BS instead of transferring to our retention department. Even worse, I'm a ""supervisor"" so I'm at least the second person to tell them we cant do what they want. I had a customer call in and when I asked for their name they gave me the male name on the account, so I called them sir and they got mad because it was the wife of the account holder. Well why did you give me your husband's name when I asked for your name? ~ ""I'm too old to use a computer"" is one of the most common lies told to customer service. It's not a crime to tell a lie to customer service, but it is a crime to impersonate someone else. It's also a crime to threaten to hurt yourself to avoid paying a bill. ~ I work for a financial institution and can 100% confirm they dont want to send you to collections, nor repossess (if secured loan) something. We will work our damnedest to not take your car/house back for non payment. It costs us money and time to chase it down and we never get whats owed back. ~ This is why every call should be recorded at all call centers but especially collection ones. With today's computer systems there's no reason not to. And supervisors should listen before they call.","I worked in a call centre, one night a woman called to find out why her TV service wasnt working. Me: it says here that youre deceased. Her: WHAT?!? Her name was something like Carol Jackson. So the agent that opened that piece of mail GUESSED which Carol Jackson died, and disconnected the wrong account. I asked some authenticating questions, then apologized profusely and reconnected her services. Her: you know ... Me: again maam, I am REALLY SORRY. And I notified a supervisor, so that some could start calling the other Carol Jacksons to check in..."
15.0,"I worked at a call center for a major credit card company for awhile. One of the departments that I worked near was the social media group. I can't tell you how many times people have been canned for mentioning the company online, even in a positive light. ~ I work in a call centre. I get some really difficult customers. I'm not sure if it's because they're just having a bad day, or they're just a jerk. I had a lady call in today. She was angry about a parking ticket. She was swearing up a storm. I tried to help her, but she just got angrier. I politely told her that I could not help her further and transferred her to another agent. She started to curse at me and then hung up. I'm not sure if I should feel bad or not. ~ I worked for an entertainment company. Whenever customers were on the verge of not getting their way, they would say, ""Well, maybe I should just cancel my services with *company*! How does that sound?"" I would just respond back in a matter-of-fact tone, ""If you believe that is for the best, I can certainly help you out with that. Are you sure you want to continue with cancellation?"" Some of them would change their tune so fast, caught completely off guard that I didn't play into their bullshit. ~ Call center workers share their worst customer experiences. Some of the stories are so bad, they're funny. Others are just sad. ~ I work for a major US cell carrier. We are not allowed to hang up on customers, even if they are being abusive. We are supposed to follow a certain escalation policy and if the customer still gets nasty, we are to get our manager involved. I have had customers threaten to sue me, call my manager and scream at me. I have had customers tell me they are going to contact the BBB and the Attorney General's office. I have had customers tell me they are going to make my life miserable. I have had customers tell me they are going to contact the media and tell them how horrible I am. I have had customers tell me they are going to contact the FBI and have me arrested. I have had customers tell me they are going to contact the FCC and have me banned from calling. I have had customers tell me they are going to contact the FTC and have me fined. I have had customers tell me they are going to contact the police and have me arrested. I have had customers tell me they are going to contact the FBI and have me arrested. I have had customers tell me they are going to contact the FBI and have me arrested. ~ I feel you. My job can absolutely 100% be done from home. They let us use our cell phone during work so we know hipaa isn't a huge issue for them, we don't handle ssn either. Yet they are conducting business as usual. Nothing has been sanitized as often as they claimed it would be. I care for my elderly sick mother and my daughter and I'm really worried about their health. Our company is a joke, they don't care about our health and the ironic thing is that our company is in the health industry.","I'm a call center worker. I get some really difficult customers. I'm not sure if it's because they're just having a bad day, or they're just a jerk. I had a lady call in today. She was angry about a parking ticket. She was swearing up a storm. I tried to help her, but she just got angrier. I politely told her that I could not help her further and transferred her to another agent. She started to curse at me and then hung up."
16.0,"I'm sure you're aware of the recent changes to our policy. As a result, you will no longer be able to receive the free service you've been enjoying. I'm sorry for the inconvenience. However, you can still purchase the service at a discounted rate. ~ This is a collection of stories from tech support workers who have to deal with the most ridiculous things from customers. Some of them are just plain lazy, while others are just too stupid to understand how things work. Some of them are just plain lazy, while others are just too stupid to understand how things work.","I'm sure you're aware of the recent changes to our policy. As a result, you will no longer be able to receive the free service you've been enjoying. I'm sorry for the inconvenience. However, you can still purchase the service at a discounted rate."
17.0,"I once had an elderly couple calling about their fancy new phone...they were stereotypically clueless but unlike a lot of callers they knew it and that's why they were calling an 'expert' They put me on speaker and we began...they were the most adorably couple of sweet people I've ever had call me The call took forever but I didn't mind a bit My number one pet peeve of all pet peeves is when I'm talking with someone and they decide they want to suddenly interrupt me with one of these: wait wait wait WAIT! or a: hey hey! HEY! HEYYYYYY!!! Someone dropped one of these on me today and before they could get the last bit off *click*. I usually make a quick callback attempt and then disconnect after a ring or two to make it look like it was possibly an error and that I tried to reach them back. ~ I'm sorry, but I would have hung up on her. I can't stand when people talk to me like that. I'm not a customer service rep, I'm a computer engineer. I'm not paid to take abuse from people like that. I would have said something like ""I'm sorry, I can't help you if you're going to talk to me like that. Goodbye."" Then I would have hung up. I'm sorry, but I'm not paid to be abused. ~ I work in a call center. I'm not an airline worker. I'm not a lawyer. I'm just a guy. Here's some unsolicited advice on how to deal with airline customer service. 1. Read the terms and conditions. 2. Don't threaten to sue. 3. Be nice. 4. Be patient. 5. Listen to the agent. 6. Don't hang up. 7. Don't swear. 8. Don't be a jerk. 9. Don't lie. 10. Don't waste the agent's time. 11. Don't call back. 12. Don't threaten the agent. 13. Don't ask to speak to a supervisor. 14. Don't be a Karen. ~ I work at an airline call center. I'm not going to say which one, but it rhymes with ""Southwest"". I deal with all sorts of calls, but some are more memorable than others. I'll share some of those stories. Some are funny, some are sad, and some are just plain WTF. I'll also give some advice on how to get what you want out of an airline, and how to not get what you don't want.",I once had an elderly couple calling about their fancy new phone...they were stereotypically clueless but unlike a lot of callers they knew it and that's why they were calling an 'expert' They put me on speaker and we began...they were the most adorably couple of sweet people I've ever had call me The call took forever but I didn't mind a bit My number one pet peeve of all pet peeves is when I'm talking with someone and they decide they want to suddenly interrupt me with one of these: wait wait wait WAIT! or a: hey hey! HEY! HEYYYYYY!!! Someone dropped one of these on me today and before they could get the last bit off *click*. I usually make a quick callback attempt and then disconnect after a ring or two to make it look like it was possibly an error and that I tried to reach them back.
18.0,"I'm pretty sure I know where you work and I'm pretty sure I worked there too and yeah not only is money more important, but they actively despise you. I would absolutely get out ASAP. Which he probably is, but there wouldn't be any way for you to know that. I've heard this from heating technicians. People call in to the gas company because their heat isn't working, they get told (like I was) that there are 150 people ahead of them for service and they'll be out in about 18 hours, so they figure they'll call in a gas leak and jump the queue. ~ I work for a gas utility too and it never ceases to amaze me how people always forget their heaters use gas. ""I've never had a $300 bill before! Somethings wrong!"" Using your heater during the coldest time of day, it's going on all night long... ""

""Oh I love this sort of thing. She takes great care to sound like she is ""making calculations"" - even putting them on hold - before returning to announce the ""good news"" that the manager has approved a ""generous"" refund.... Of 70 PENCE ( or similar low figure) to cover the cost of the day's outage ha!

""I don't understand why that matters. ~ I'm sorry you had to deal with the flailing, angry grasps at straws from someone at during worst part of their life. I'd counsel you to see it as that, they've latched onto a negative interaction with you as part of the grieving process. We all see the worst of people in our 'profession' as I'll loosely call it, especially you in a complaints role. I'm giving her the most charitable interpretation I can because the best thing a call centre agent can do for their own mental health is to try do the same, if you write off every customer as an inhuman monster it feeds into the negative thought spiral that call centre work can propagate. ~ Karen is a power company customer who is upset that her bill is higher than her neighbors. She wants to know why. She is also upset that the power company won't send someone to read her meter. She is threatening to cancel her service. The power company employee tries to explain that it's not possible to send someone to read her meter because of COVID. Karen is not happy with that. ~ I work for the after hours (Answering Service) line for several power companies. We always get ""I'm on oxygen! I need my power back on or I'm doing to DIE! Do you want my death on your conscience? I want a call back NOW with an ETA!!!",The customer is always right. Even when they're wrong. And sometimes they're just batsh*t crazy. These are the stories of people who work in customer service. And the customers who drive them crazy.
19.0,"I get a request for a CEO once a week. The customers think that the higher up the chain they go, that the more sympathetic they'll be to their grievance. People assume that if I tell them something that I don't want to hear, that I am making a personal decision, rather than simply enforcing a policy that has already existed. I love the customers who use the Attorney card. A few of them I've had advised they had retained an attorney for the matter. Once I explained I can no longer assist then and they need to have their attorney contact us directly, they immediately recanted their statement. ~ I don't remember the context, but somebody was repeatedly interrupting me over and over again while I was trying to resolve her issue, mostly just to complain about how she had initially reached a Filipino agent, whom she felt had poor social skills. She was incredibly mad about it. I calmly said ""Yes, I understand entirely. I know exactly how it feels to have somebody cut you off over and over again for no reason."" She wasn't very smart, so she assumed I was being genuinely empathetic and this de-escalated the entire call. ~ I'm sorry Frontline couldn't solve your issue, we are the highest level of support... Thank you for contacting the BBB, we are the highest level of support... Thank you for contacting the FCC , we are the highest level of support... Look, you can complain to whomever you like, your gonna get me. ~ I had a customer threaten to shoot me. I was able to get him to calm down and not do anything stupid. I had to call the police because he was making threats to shoot himself and others. He was upset because he didn't qualify for a $10,000 withdrawal from his retirement account. I told him he didn't qualify and he threatened to shoot me. I told him to go ahead and shoot me. He then said he would shoot himself. I told him to go ahead and do that. He then said he would shoot others. I told him to go ahead and do that. He then said he would call back later. ~ I had a customer call in to cancel his account. He was rude, belligerent, and obnoxious. He demanded to speak to a supervisor. I told him he would have to call back and try for another agent. He got mad and said he would call back and make sure I got fired. I told him to go ahead and call back. He called back and got another agent. He was still rude, belligerent, and obnoxious. The agent was able to help him. ~ I used to work for the complaints department of a high street bank. I was part of the head office customer complaints team, which was actually based in the NW of England. The amount of people that would call in, get ENRAGED they were talking to someone in the NW and not London and would then be transferred to me, because I have a London accent. How insulting as well to think that just because someone comes from a different area than you think HO is based then theyre not going to have the authority to refund your 10 charge?","I get a request for a CEO once a week. The customers think that the higher up the chain they go, that the more sympathetic they'll be to their grievance. People assume that if I tell them something that I don't want to hear, that I am making a personal decision, rather than simply enforcing a policy that has already existed. I love the customers who use the Attorney card. A few of them I've had advised they had retained an attorney for the matter. Once I explained I can no longer assist then and they need to have their attorney contact us directly, they immediately recanted their statement."
